id;nome;descricao;imagem;imagem_content_type
1;bossy of;obsession commercial glisten;../fake-data/blob/hipster.png;image/png
2;pish who where;compound;../fake-data/blob/hipster.png;image/png
3;belay;struggle;../fake-data/blob/hipster.png;image/png
4;developer woot electric;midst mycoplasma;../fake-data/blob/hipster.png;image/png
5;exhausted;temporise;../fake-data/blob/hipster.png;image/png
6;till exactly coolly;accidentally yet;../fake-data/blob/hipster.png;image/png
7;punch lest lightly;underneath searchingly provided;../fake-data/blob/hipster.png;image/png
8;creepy about;offensively provided besides;../fake-data/blob/hipster.png;image/png
9;er;once plus;../fake-data/blob/hipster.png;image/png
10;quietly propagate;feign barring jaggedly;../fake-data/blob/hipster.png;image/png
